"scenario_id","year","total","end_use_id","fuel_type_id"
12,2011,381.6084,1,1
12,2012,379.4694,1,1
12,2013,378.2488,1,1
12,2014,379.8806,1,1
12,2015,382.0382,1,1
12,2016,384.0278,1,1
12,2017,385.5186,1,1
12,2018,386.5882,1,1
12,2019,387.7973,1,1
12,2020,389.4443,1,1
12,2021,391.7108,1,1
12,2022,394.323,1,1
12,2023,397.0467,1,1
12,2024,399.5058,1,1
12,2025,401.8137,1,1
12,2026,403.9129,1,1
12,2027,405.9647,1,1
12,2028,407.96,1,1
12,2029,409.8718,1,1
12,2030,411.7516,1,1
12,2031,413.6108,1,1
12,2032,415.4586,1,1
12,2033,417.3002,1,1
12,2034,419.0944,1,1
12,2035,420.7885,1,1
12,2036,422.5375,1,1
12,2037,424.1859,1,1
12,2038,425.7327,1,1
12,2039,427.22,1,1
12,2040,428.6012,1,1
12,2041,429.9038,1,1
12,2042,431.1725,1,1
12,2043,432.4015,1,1
12,2044,433.5561,1,1
12,2045,434.6207,1,1
12,2046,434.6016,1,1
12,2047,435.5934,1,1
12,2048,436.5282,1,1
12,2049,437.3804,1,1
12,2050,438.1658,1,1
12,2011,26.44639,1,2
12,2012,25.8963,1,2
12,2013,24.94472,1,2
12,2014,23.86015,1,2
12,2015,22.79022,1,2
12,2016,21.92966,1,2
12,2017,21.40739,1,2
12,2018,21.26953,1,2
12,2019,21.47426,1,2
12,2020,21.86444,1,2
12,2021,22.23626,1,2
12,2022,22.45136,1,2
12,2023,22.5186,1,2
12,2024,22.53057,1,2
12,2025,22.56642,1,2
12,2026,22.6369,1,2
12,2027,22.73264,1,2
12,2028,22.83074,1,2
12,2029,22.93184,1,2
12,2030,23.02949,1,2
12,2031,23.12322,1,2
12,2032,23.21276,1,2
12,2033,23.29962,1,2
12,2034,23.38,1,2
12,2035,23.4528,1,2
12,2036,23.53155,1,2
12,2037,23.60685,1,2
12,2038,23.67853,1,2
12,2039,23.74957,1,2
12,2040,23.81588,1,2
12,2041,23.87954,1,2
12,2042,23.94385,1,2
12,2043,24.00801,1,2
12,2044,24.06887,1,2
12,2045,24.1249,1,2
12,2046,24.07928,1,2
12,2047,24.13461,1,2
12,2048,24.18726,1,2
12,2049,24.23486,1,2
12,2050,24.27864,1,2
12,2011,0,1,3
12,2012,0,1,3
12,2013,0,1,3
12,2014,0,1,3
12,2015,0,1,3
12,2016,0,1,3
12,2017,0,1,3
12,2018,0,1,3
12,2019,0,1,3
12,2020,0,1,3
12,2021,0,1,3
12,2022,0,1,3
12,2023,0,1,3
12,2024,0,1,3
12,2025,0,1,3
12,2026,0,1,3
12,2027,0,1,3
12,2028,0,1,3
12,2029,0,1,3
12,2030,0,1,3
12,2031,0,1,3
12,2032,0,1,3
12,2033,0,1,3
12,2034,0,1,3
12,2035,0,1,3
12,2036,0,1,3
12,2037,0,1,3
12,2038,0,1,3
12,2039,0,1,3
12,2040,0,1,3
12,2041,0,1,3
12,2042,0,1,3
12,2043,0,1,3
12,2044,0,1,3
12,2045,0,1,3
12,2046,0,1,3
12,2047,0,1,3
12,2048,0,1,3
12,2049,0,1,3
12,2050,0,1,3
12,2011,20.08465,1,4
12,2012,19.97208,1,4
12,2013,19.90783,1,4
12,2014,19.99372,1,4
12,2015,20.10727,1,4
12,2016,20.21199,1,4
12,2017,20.29045,1,4
12,2018,20.34674,1,4
12,2019,20.41039,1,4
12,2020,20.49707,1,4
12,2021,20.61636,1,4
12,2022,20.75384,1,4
12,2023,20.89719,1,4
12,2024,21.02662,1,4
12,2025,21.14809,1,4
12,2026,21.25857,1,4
12,2027,21.36656,1,4
12,2028,21.47158,1,4
12,2029,21.5722,1,4
12,2030,21.67113,1,4
12,2031,21.76899,1,4
12,2032,21.86625,1,4
12,2033,21.96317,1,4
12,2034,22.0576,1,4
12,2035,22.14676,1,4
12,2036,22.23881,1,4
12,2037,22.32557,1,4
12,2038,22.40699,1,4
12,2039,22.48526,1,4
12,2040,22.55796,1,4
12,2041,22.62652,1,4
12,2042,22.69329,1,4
12,2043,22.75798,1,4
12,2044,22.81875,1,4
12,2045,22.87477,1,4
12,2046,22.87377,1,4
12,2047,22.92597,1,4
12,2048,22.97517,1,4
12,2049,23.02002,1,4
12,2050,23.06135,1,4
12,2011,0.06408852,1,5
12,2012,0.06295897,1,5
12,2013,0.06082051,1,5
12,2014,0.05835171,1,5
12,2015,0.05590158,1,5
12,2016,0.05392586,1,5
12,2017,0.0527249,1,5
12,2018,0.05240665,1,5
12,2019,0.0528767,1,5
12,2020,0.0537744,1,5
12,2021,0.05462973,1,5
12,2022,0.05512432,1,5
12,2023,0.05527799,1,5
12,2024,0.05530535,1,5
12,2025,0.05538713,1,5
12,2026,0.05554898,1,5
12,2027,0.05576903,1,5
12,2028,0.05599429,1,5
12,2029,0.0562274,1,5
12,2030,0.0564525,1,5
12,2031,0.05666826,1,5
12,2032,0.05687383,1,5
12,2033,0.05707275,1,5
12,2034,0.05725639,1,5
12,2035,0.05742236,1,5
12,2036,0.05760554,1,5
12,2037,0.05778095,1,5
12,2038,0.05794811,1,5
12,2039,0.05811384,1,5
12,2040,0.05826873,1,5
12,2041,0.05841751,1,5
12,2042,0.05856781,1,5
12,2043,0.05871778,1,5
12,2044,0.05886013,1,5
12,2045,0.0589913,1,5
12,2046,0.0588883,1,5
12,2047,0.05901783,1,5
12,2048,0.0591411,1,5
12,2049,0.05925269,1,5
12,2050,0.05935537,1,5
12,2011,0,1,6
12,2012,0,1,6
12,2013,0,1,6
12,2014,0,1,6
12,2015,0,1,6
12,2016,0,1,6
12,2017,0,1,6
12,2018,0,1,6
12,2019,0,1,6
12,2020,0,1,6
12,2021,0,1,6
12,2022,0,1,6
12,2023,0,1,6
12,2024,0,1,6
12,2025,0,1,6
12,2026,0,1,6
12,2027,0,1,6
12,2028,0,1,6
12,2029,0,1,6
12,2030,0,1,6
12,2031,0,1,6
12,2032,0,1,6
12,2033,0,1,6
12,2034,0,1,6
12,2035,0,1,6
12,2036,0,1,6
12,2037,0,1,6
12,2038,0,1,6
12,2039,0,1,6
12,2040,0,1,6
12,2041,0,1,6
12,2042,0,1,6
12,2043,0,1,6
12,2044,0,1,6
12,2045,0,1,6
12,2046,0,1,6
12,2047,0,1,6
12,2048,0,1,6
12,2049,0,1,6
12,2050,0,1,6
12,2011,0,1,7
12,2012,0,1,7
12,2013,0,1,7
12,2014,0,1,7
12,2015,0,1,7
12,2016,0,1,7
12,2017,0,1,7
12,2018,0,1,7
12,2019,0,1,7
12,2020,0,1,7
12,2021,0,1,7
12,2022,0,1,7
12,2023,0,1,7
12,2024,0,1,7
12,2025,0,1,7
12,2026,0,1,7
12,2027,0,1,7
12,2028,0,1,7
12,2029,0,1,7
12,2030,0,1,7
12,2031,0,1,7
12,2032,0,1,7
12,2033,0,1,7
12,2034,0,1,7
12,2035,0,1,7
12,2036,0,1,7
12,2037,0,1,7
12,2038,0,1,7
12,2039,0,1,7
12,2040,0,1,7
12,2041,0,1,7
12,2042,0,1,7
12,2043,0,1,7
12,2044,0,1,7
12,2045,0,1,7
12,2046,0,1,7
12,2047,0,1,7
12,2048,0,1,7
12,2049,0,1,7
12,2050,0,1,7
12,2011,51.48331,1,8
12,2012,52.62397,1,8
12,2013,53.76782,1,8
12,2014,55.32715,1,8
12,2015,57.00362,1,8
12,2016,58.59524,1,8
12,2017,59.94336,1,8
12,2018,60.98371,1,8
12,2019,61.79207,1,8
12,2020,62.43425,1,8
12,2021,62.94157,1,8
12,2022,63.30442,1,8
12,2023,63.59094,1,8
12,2024,63.87841,1,8
12,2025,64.24225,1,8
12,2026,64.6547,1,8
12,2027,65.09755,1,8
12,2028,65.53609,1,8
12,2029,65.96277,1,8
12,2030,66.37777,1,8
12,2031,66.78236,1,8
12,2032,67.17778,1,8
12,2033,67.56617,1,8
12,2034,67.94006,1,8
12,2035,68.2925,1,8
12,2036,68.65272,1,8
12,2037,68.99482,1,8
12,2038,69.3186,1,8
12,2039,69.63148,1,8
12,2040,69.92485,1,8
12,2041,70.20365,1,8
12,2042,70.47583,1,8
12,2043,70.74016,1,8
12,2044,70.99021,1,8
12,2045,71.22305,1,8
12,2046,71.25029,1,8
12,2047,71.46842,1,8
12,2048,71.67519,1,8
12,2049,71.86582,1,8
12,2050,72.04322,1,8
12,2011,15.9963,2,1
12,2012,15.61966,2,1
12,2013,15.08618,2,1
12,2014,14.97773,2,1
12,2015,14.96059,2,1
12,2016,15.12515,2,1
12,2017,15.32256,2,1
12,2018,15.34632,2,1
12,2019,15.39186,2,1
12,2020,15.45772,2,1
12,2021,15.46957,2,1
12,2022,15.49727,2,1
12,2023,15.67956,2,1
12,2024,15.87922,2,1
12,2025,16.09659,2,1
12,2026,16.32818,2,1
12,2027,16.57508,2,1
12,2028,16.76723,2,1
12,2029,16.89071,2,1
12,2030,17.10736,2,1
12,2031,17.25337,2,1
12,2032,17.41056,2,1
12,2033,17.64415,2,1
12,2034,17.9743,2,1
12,2035,18.32048,2,1
12,2036,18.54522,2,1
12,2037,18.75234,2,1
12,2038,18.94332,2,1
12,2039,19.12007,2,1
12,2040,19.28393,2,1
12,2041,19.43634,2,1
12,2042,19.57876,2,1
12,2043,19.71239,2,1
12,2044,19.83829,2,1
12,2045,19.9573,2,1
12,2046,20.07013,2,1
12,2047,20.17741,2,1
12,2048,20.2797,2,1
12,2049,20.37754,2,1
12,2050,20.47132,2,1
12,2011,0,2,2
12,2012,0,2,2
12,2013,0,2,2
12,2014,0,2,2
12,2015,0,2,2
12,2016,0,2,2
12,2017,0,2,2
12,2018,0,2,2
12,2019,0,2,2
12,2020,0,2,2
12,2021,0,2,2
12,2022,0,2,2
12,2023,0,2,2
12,2024,0,2,2
12,2025,0,2,2
12,2026,0,2,2
12,2027,0,2,2
12,2028,0,2,2
12,2029,0,2,2
12,2030,0,2,2
12,2031,0,2,2
12,2032,0,2,2
12,2033,0,2,2
12,2034,0,2,2
12,2035,0,2,2
12,2036,0,2,2
12,2037,0,2,2
12,2038,0,2,2
12,2039,0,2,2
12,2040,0,2,2
12,2041,0,2,2
12,2042,0,2,2
12,2043,0,2,2
12,2044,0,2,2
12,2045,0,2,2
12,2046,0,2,2
12,2047,0,2,2
12,2048,0,2,2
12,2049,0,2,2
12,2050,0,2,2
12,2011,0,2,3
12,2012,0,2,3
12,2013,0,2,3
12,2014,0,2,3
12,2015,0,2,3
12,2016,0,2,3
12,2017,0,2,3
12,2018,0,2,3
12,2019,0,2,3
12,2020,0,2,3
12,2021,0,2,3
12,2022,0,2,3
12,2023,0,2,3
12,2024,0,2,3
12,2025,0,2,3
12,2026,0,2,3
12,2027,0,2,3
12,2028,0,2,3
12,2029,0,2,3
12,2030,0,2,3
12,2031,0,2,3
12,2032,0,2,3
12,2033,0,2,3
12,2034,0,2,3
12,2035,0,2,3
12,2036,0,2,3
12,2037,0,2,3
12,2038,0,2,3
12,2039,0,2,3
12,2040,0,2,3
12,2041,0,2,3
12,2042,0,2,3
12,2043,0,2,3
12,2044,0,2,3
12,2045,0,2,3
12,2046,0,2,3
12,2047,0,2,3
12,2048,0,2,3
12,2049,0,2,3
12,2050,0,2,3
12,2011,0.8419102,2,4
12,2012,0.8220877,2,4
12,2013,0.7940099,2,4
12,2014,0.7883019,2,4
12,2015,0.7873996,2,4
12,2016,0.7960604,2,4
12,2017,0.8064504,2,4
12,2018,0.807701,2,4
12,2019,0.8100979,2,4
12,2020,0.8135641,2,4
12,2021,0.8141881,2,4
12,2022,0.8156456,2,4
12,2023,0.8252401,2,4
12,2024,0.8357483,2,4
12,2025,0.8471889,2,4
12,2026,0.8593779,2,4
12,2027,0.8723727,2,4
12,2028,0.8824858,2,4
12,2029,0.8889846,2,4
12,2030,0.9003877,2,4
12,2031,0.9080718,2,4
12,2032,0.9163456,2,4
12,2033,0.9286394,2,4
12,2034,0.9460159,2,4
12,2035,0.9642359,2,4
12,2036,0.9760643,2,4
12,2037,0.9869653,2,4
12,2038,0.9970164,2,4
12,2039,1.00632,2,4
12,2040,1.014944,2,4
12,2041,1.022965,2,4
12,2042,1.030461,2,4
12,2043,1.037494,2,4
12,2044,1.044121,2,4
12,2045,1.050384,2,4
12,2046,1.056323,2,4
12,2047,1.061969,2,4
12,2048,1.067353,2,4
12,2049,1.072502,2,4
12,2050,1.077438,2,4
12,2011,0,2,5
12,2012,0,2,5
12,2013,0,2,5
12,2014,0,2,5
12,2015,0,2,5
12,2016,0,2,5
12,2017,0,2,5
12,2018,0,2,5
12,2019,0,2,5
12,2020,0,2,5
12,2021,0,2,5
12,2022,0,2,5
12,2023,0,2,5
12,2024,0,2,5
12,2025,0,2,5
12,2026,0,2,5
12,2027,0,2,5
12,2028,0,2,5
12,2029,0,2,5
12,2030,0,2,5
12,2031,0,2,5
12,2032,0,2,5
12,2033,0,2,5
12,2034,0,2,5
12,2035,0,2,5
12,2036,0,2,5
12,2037,0,2,5
12,2038,0,2,5
12,2039,0,2,5
12,2040,0,2,5
12,2041,0,2,5
12,2042,0,2,5
12,2043,0,2,5
12,2044,0,2,5
12,2045,0,2,5
12,2046,0,2,5
12,2047,0,2,5
12,2048,0,2,5
12,2049,0,2,5
12,2050,0,2,5
12,2011,0,2,6
12,2012,0,2,6
12,2013,0,2,6
12,2014,0,2,6
12,2015,0,2,6
12,2016,0,2,6
12,2017,0,2,6
12,2018,0,2,6
12,2019,0,2,6
12,2020,0,2,6
12,2021,0,2,6
12,2022,0,2,6
12,2023,0,2,6
12,2024,0,2,6
12,2025,0,2,6
12,2026,0,2,6
12,2027,0,2,6
12,2028,0,2,6
12,2029,0,2,6
12,2030,0,2,6
12,2031,0,2,6
12,2032,0,2,6
12,2033,0,2,6
12,2034,0,2,6
12,2035,0,2,6
12,2036,0,2,6
12,2037,0,2,6
12,2038,0,2,6
12,2039,0,2,6
12,2040,0,2,6
12,2041,0,2,6
12,2042,0,2,6
12,2043,0,2,6
12,2044,0,2,6
12,2045,0,2,6
12,2046,0,2,6
12,2047,0,2,6
12,2048,0,2,6
12,2049,0,2,6
12,2050,0,2,6
12,2011,0,2,7
12,2012,0,2,7
12,2013,0,2,7
12,2014,0,2,7
12,2015,0,2,7
12,2016,0,2,7
12,2017,0,2,7
12,2018,0,2,7
12,2019,0,2,7
12,2020,0,2,7
12,2021,0,2,7
12,2022,0,2,7
12,2023,0,2,7
12,2024,0,2,7
12,2025,0,2,7
12,2026,0,2,7
12,2027,0,2,7
12,2028,0,2,7
12,2029,0,2,7
12,2030,0,2,7
12,2031,0,2,7
12,2032,0,2,7
12,2033,0,2,7
12,2034,0,2,7
12,2035,0,2,7
12,2036,0,2,7
12,2037,0,2,7
12,2038,0,2,7
12,2039,0,2,7
12,2040,0,2,7
12,2041,0,2,7
12,2042,0,2,7
12,2043,0,2,7
12,2044,0,2,7
12,2045,0,2,7
12,2046,0,2,7
12,2047,0,2,7
12,2048,0,2,7
12,2049,0,2,7
12,2050,0,2,7
12,2011,0,2,8
12,2012,0,2,8
12,2013,0,2,8
12,2014,0,2,8
12,2015,0,2,8
12,2016,0,2,8
12,2017,0,2,8
12,2018,0,2,8
12,2019,0,2,8
12,2020,0,2,8
12,2021,0,2,8
12,2022,0,2,8
12,2023,0,2,8
12,2024,0,2,8
12,2025,0,2,8
12,2026,0,2,8
12,2027,0,2,8
12,2028,0,2,8
12,2029,0,2,8
12,2030,0,2,8
12,2031,0,2,8
12,2032,0,2,8
12,2033,0,2,8
12,2034,0,2,8
12,2035,0,2,8
12,2036,0,2,8
12,2037,0,2,8
12,2038,0,2,8
12,2039,0,2,8
12,2040,0,2,8
12,2041,0,2,8
12,2042,0,2,8
12,2043,0,2,8
12,2044,0,2,8
12,2045,0,2,8
12,2046,0,2,8
12,2047,0,2,8
12,2048,0,2,8
12,2049,0,2,8
12,2050,0,2,8
12,2011,122.2781,3,1
12,2012,123.0166,3,1
12,2013,123.1158,3,1
12,2014,124.239,3,1
12,2015,125.4524,3,1
12,2016,127.141,3,1
12,2017,128.9267,3,1
12,2018,130.5793,3,1
12,2019,132.4086,3,1
12,2020,133.9953,3,1
12,2021,135.4141,3,1
12,2022,136.8381,3,1
12,2023,138.4436,3,1
12,2024,139.9624,3,1
12,2025,141.4713,3,1
12,2026,142.9609,3,1
12,2027,144.4799,3,1
12,2028,146.0433,3,1
12,2029,147.4306,3,1
12,2030,149.2127,3,1
12,2031,150.8734,3,1
12,2032,152.6741,3,1
12,2033,154.5725,3,1
12,2034,156.7822,3,1
12,2035,158.9564,3,1
12,2036,160.8779,3,1
12,2037,162.6642,3,1
12,2038,164.3247,3,1
12,2039,165.856,3,1
12,2040,167.2637,3,1
12,2041,168.5887,3,1
12,2042,169.8596,3,1
12,2043,171.0827,3,1
12,2044,172.2454,3,1
12,2045,173.3451,3,1
12,2046,174.4003,3,1
12,2047,175.4086,3,1
12,2048,176.3807,3,1
12,2049,177.3123,3,1
12,2050,178.2146,3,1
12,2011,4.840199,3,2
12,2012,4.893228,3,2
12,2013,4.986491,3,2
12,2014,5.131312,3,2
12,2015,5.280497,3,2
12,2016,5.412143,3,2
12,2017,5.515115,3,2
12,2018,5.554383,3,2
12,2019,5.580749,3,2
12,2020,5.622456,3,2
12,2021,5.666903,3,2
12,2022,5.719165,3,2
12,2023,5.785514,3,2
12,2024,5.86302,3,2
12,2025,5.947109,3,2
12,2026,6.026661,3,2
12,2027,6.104549,3,2
12,2028,6.180652,3,2
12,2029,6.257126,3,2
12,2030,6.332414,3,2
12,2031,6.405046,3,2
12,2032,6.474259,3,2
12,2033,6.540627,3,2
12,2034,6.599698,3,2
12,2035,6.655492,3,2
12,2036,6.71303,3,2
12,2037,6.769458,3,2
12,2038,6.825182,3,2
12,2039,6.881874,3,2
12,2040,6.937439,3,2
12,2041,6.991718,3,2
12,2042,7.045448,3,2
12,2043,7.09837,3,2
12,2044,7.149837,3,2
12,2045,7.199588,3,2
12,2046,7.248341,3,2
12,2047,7.295727,3,2
12,2048,7.341975,3,2
12,2049,7.386234,3,2
12,2050,7.429171,3,2
12,2011,0.0007618485,3,3
12,2012,0.0008312665,3,3
12,2013,0.0008980032,3,3
12,2014,0.0009544871,3,3
12,2015,0.001003208,3,3
12,2016,0.001044552,3,3
12,2017,0.001079264,3,3
12,2018,0.001108132,3,3
12,2019,0.001131849,3,3
12,2020,0.001151125,3,3
12,2021,0.001166399,3,3
12,2022,0.001177205,3,3
12,2023,0.001184239,3,3
12,2024,0.001188718,3,3
12,2025,0.001190957,3,3
12,2026,0.001191244,3,3
12,2027,0.001189811,3,3
12,2028,0.001186792,3,3
12,2029,0.001183485,3,3
12,2030,0.001179088,3,3
12,2031,0.001173535,3,3
12,2032,0.001166899,3,3
12,2033,0.001159234,3,3
12,2034,0.00115058,3,3
12,2035,0.001140979,3,3
12,2036,0.001129707,3,3
12,2037,0.001118328,3,3
12,2038,0.001106907,3,3
12,2039,0.001095503,3,3
12,2040,0.001084161,3,3
12,2041,0.001072926,3,3
12,2042,0.001061837,3,3
12,2043,0.001050925,3,3
12,2044,0.001040239,3,3
12,2045,0.001029782,3,3
12,2046,0.001019561,3,3
12,2047,0.001009594,3,3
12,2048,0.001001041,3,3
12,2049,0.0009936684,3,3
12,2050,0.0009865957,3,3
12,2011,6.435691,3,4
12,2012,6.474558,3,4
12,2013,6.479781,3,4
12,2014,6.538896,3,4
12,2015,6.602756,3,4
12,2016,6.691629,3,4
12,2017,6.785617,3,4
12,2018,6.872597,3,4
12,2019,6.968874,3,4
12,2020,7.052383,3,4
12,2021,7.127057,3,4
12,2022,7.202004,3,4
12,2023,7.286505,3,4
12,2024,7.366444,3,4
12,2025,7.445858,3,4
12,2026,7.524257,3,4
12,2027,7.604207,3,4
12,2028,7.686487,3,4
12,2029,7.759508,3,4
12,2030,7.853302,3,4
12,2031,7.940707,3,4
12,2032,8.035479,3,4
12,2033,8.135397,3,4
12,2034,8.251697,3,4
12,2035,8.366127,3,4
12,2036,8.467261,3,4
12,2037,8.561277,3,4
12,2038,8.64867,3,4
12,2039,8.729265,3,4
12,2040,8.803352,3,4
12,2041,8.873092,3,4
12,2042,8.939977,3,4
12,2043,9.004352,3,4
12,2044,9.065545,3,4
12,2045,9.123423,3,4
12,2046,9.178964,3,4
12,2047,9.232029,3,4
12,2048,9.283193,3,4
12,2049,9.332227,3,4
12,2050,9.379714,3,4
12,2011,0.04237216,3,5
12,2012,0.04008768,3,5
12,2013,0.03864458,3,5
12,2014,0.03791434,3,5
12,2015,0.03747284,3,5
12,2016,0.03719073,3,5
12,2017,0.03698385,3,5
12,2018,0.03672769,3,5
12,2019,0.03651737,3,5
12,2020,0.03639684,3,5
12,2021,0.03633542,3,5
12,2022,0.03633179,3,5
12,2023,0.03640139,3,5
12,2024,0.03651855,3,5
12,2025,0.03668072,3,5
12,2026,0.03685363,3,5
12,2027,0.03704105,3,5
12,2028,0.03724258,3,5
12,2029,0.03744714,3,5
12,2030,0.03765988,3,5
12,2031,0.03787727,3,5
12,2032,0.03809749,3,5
12,2033,0.03831945,3,5
12,2034,0.03853268,3,5
12,2035,0.03874169,3,5
12,2036,0.03896106,3,5
12,2037,0.03917482,3,5
12,2038,0.03938332,3,5
12,2039,0.03959097,3,5
12,2040,0.03979275,3,5
12,2041,0.03998845,3,5
12,2042,0.04017998,3,5
12,2043,0.04036685,3,5
12,2044,0.0405476,3,5
12,2045,0.04072174,3,5
12,2046,0.04089121,3,5
12,2047,0.04105523,3,5
12,2048,0.04121442,3,5
12,2049,0.04136695,3,5
12,2050,0.04151444,3,5
12,2011,0,3,6
12,2012,0,3,6
12,2013,0,3,6
12,2014,0,3,6
12,2015,0,3,6
12,2016,0,3,6
12,2017,0,3,6
12,2018,0,3,6
12,2019,0,3,6
12,2020,0,3,6
12,2021,0,3,6
12,2022,0,3,6
12,2023,0,3,6
12,2024,0,3,6
12,2025,0,3,6
12,2026,0,3,6
12,2027,0,3,6
12,2028,0,3,6
12,2029,0,3,6
12,2030,0,3,6
12,2031,0,3,6
12,2032,0,3,6
12,2033,0,3,6
12,2034,0,3,6
12,2035,0,3,6
12,2036,0,3,6
12,2037,0,3,6
12,2038,0,3,6
12,2039,0,3,6
12,2040,0,3,6
12,2041,0,3,6
12,2042,0,3,6
12,2043,0,3,6
12,2044,0,3,6
12,2045,0,3,6
12,2046,0,3,6
12,2047,0,3,6
12,2048,0,3,6
12,2049,0,3,6
12,2050,0,3,6
12,2011,0,3,7
12,2012,0,3,7
12,2013,0,3,7
12,2014,0,3,7
12,2015,0,3,7
12,2016,0,3,7
12,2017,0,3,7
12,2018,0,3,7
12,2019,0,3,7
12,2020,0,3,7
12,2021,0,3,7
12,2022,0,3,7
12,2023,0,3,7
12,2024,0,3,7
12,2025,0,3,7
12,2026,0,3,7
12,2027,0,3,7
12,2028,0,3,7
12,2029,0,3,7
12,2030,0,3,7
12,2031,0,3,7
12,2032,0,3,7
12,2033,0,3,7
12,2034,0,3,7
12,2035,0,3,7
12,2036,0,3,7
12,2037,0,3,7
12,2038,0,3,7
12,2039,0,3,7
12,2040,0,3,7
12,2041,0,3,7
12,2042,0,3,7
12,2043,0,3,7
12,2044,0,3,7
12,2045,0,3,7
12,2046,0,3,7
12,2047,0,3,7
12,2048,0,3,7
12,2049,0,3,7
12,2050,0,3,7
12,2011,5.963047,3,8
12,2012,6.091929,3,8
12,2013,6.262623,3,8
12,2014,6.461861,3,8
12,2015,6.637961,3,8
12,2016,6.834979,3,8
12,2017,7.01019,3,8
12,2018,7.160046,3,8
12,2019,7.29548,3,8
12,2020,7.470717,3,8
12,2021,7.648449,3,8
12,2022,7.816955,3,8
12,2023,8.02387,3,8
12,2024,8.207104,3,8
12,2025,8.387678,3,8
12,2026,8.584205,3,8
12,2027,8.759446,3,8
12,2028,8.932396,3,8
12,2029,9.107444,3,8
12,2030,9.274192,3,8
12,2031,9.445744,3,8
12,2032,9.592637,3,8
12,2033,9.73783,3,8
12,2034,9.886019,3,8
12,2035,10.0562,3,8
12,2036,10.2009,3,8
12,2037,10.33722,3,8
12,2038,10.46547,3,8
12,2039,10.58709,3,8
12,2040,10.7015,3,8
12,2041,10.8093,3,8
12,2042,10.91165,3,8
12,2043,11.00897,3,8
12,2044,11.10125,3,8
12,2045,11.18862,3,8
12,2046,11.27191,3,8
12,2047,11.35116,3,8
12,2048,11.42676,3,8
12,2049,11.49849,3,8
12,2050,11.56675,3,8
12,2011,0,4,1
12,2012,0,4,1
12,2013,0,4,1
12,2014,0,4,1
12,2015,0,4,1
12,2016,0,4,1
12,2017,0,4,1
12,2018,0,4,1
12,2019,0,4,1
12,2020,0,4,1
12,2021,0,4,1
12,2022,0,4,1
12,2023,0,4,1
12,2024,0,4,1
12,2025,0,4,1
12,2026,0,4,1
12,2027,0,4,1
12,2028,0,4,1
12,2029,0,4,1
12,2030,0,4,1
12,2031,0,4,1
12,2032,0,4,1
12,2033,0,4,1
12,2034,0,4,1
12,2035,0,4,1
12,2036,0,4,1
12,2037,0,4,1
12,2038,0,4,1
12,2039,0,4,1
12,2040,0,4,1
12,2041,0,4,1
12,2042,0,4,1
12,2043,0,4,1
12,2044,0,4,1
12,2045,0,4,1
12,2046,0,4,1
12,2047,0,4,1
12,2048,0,4,1
12,2049,0,4,1
12,2050,0,4,1
12,2011,0,4,2
12,2012,0,4,2
12,2013,0,4,2
12,2014,0,4,2
12,2015,0,4,2
12,2016,0,4,2
12,2017,0,4,2
12,2018,0,4,2
12,2019,0,4,2
12,2020,0,4,2
12,2021,0,4,2
12,2022,0,4,2
12,2023,0,4,2
12,2024,0,4,2
12,2025,0,4,2
12,2026,0,4,2
12,2027,0,4,2
12,2028,0,4,2
12,2029,0,4,2
12,2030,0,4,2
12,2031,0,4,2
12,2032,0,4,2
12,2033,0,4,2
12,2034,0,4,2
12,2035,0,4,2
12,2036,0,4,2
12,2037,0,4,2
12,2038,0,4,2
12,2039,0,4,2
12,2040,0,4,2
12,2041,0,4,2
12,2042,0,4,2
12,2043,0,4,2
12,2044,0,4,2
12,2045,0,4,2
12,2046,0,4,2
12,2047,0,4,2
12,2048,0,4,2
12,2049,0,4,2
12,2050,0,4,2
12,2011,0,4,3
12,2012,0,4,3
12,2013,0,4,3
12,2014,0,4,3
12,2015,0,4,3
12,2016,0,4,3
12,2017,0,4,3
12,2018,0,4,3
12,2019,0,4,3
12,2020,0,4,3
12,2021,0,4,3
12,2022,0,4,3
12,2023,0,4,3
12,2024,0,4,3
12,2025,0,4,3
12,2026,0,4,3
12,2027,0,4,3
12,2028,0,4,3
12,2029,0,4,3
12,2030,0,4,3
12,2031,0,4,3
12,2032,0,4,3
12,2033,0,4,3
12,2034,0,4,3
12,2035,0,4,3
12,2036,0,4,3
12,2037,0,4,3
12,2038,0,4,3
12,2039,0,4,3
12,2040,0,4,3
12,2041,0,4,3
12,2042,0,4,3
12,2043,0,4,3
12,2044,0,4,3
12,2045,0,4,3
12,2046,0,4,3
12,2047,0,4,3
12,2048,0,4,3
12,2049,0,4,3
12,2050,0,4,3
12,2011,0,4,4
12,2012,0,4,4
12,2013,0,4,4
12,2014,0,4,4
12,2015,0,4,4
12,2016,0,4,4
12,2017,0,4,4
12,2018,0,4,4
12,2019,0,4,4
12,2020,0,4,4
12,2021,0,4,4
12,2022,0,4,4
12,2023,0,4,4
12,2024,0,4,4
12,2025,0,4,4
12,2026,0,4,4
12,2027,0,4,4
12,2028,0,4,4
12,2029,0,4,4
12,2030,0,4,4
12,2031,0,4,4
12,2032,0,4,4
12,2033,0,4,4
12,2034,0,4,4
12,2035,0,4,4
12,2036,0,4,4
12,2037,0,4,4
12,2038,0,4,4
12,2039,0,4,4
12,2040,0,4,4
12,2041,0,4,4
12,2042,0,4,4
12,2043,0,4,4
12,2044,0,4,4
12,2045,0,4,4
12,2046,0,4,4
12,2047,0,4,4
12,2048,0,4,4
12,2049,0,4,4
12,2050,0,4,4
12,2011,0,4,5
12,2012,0,4,5
12,2013,0,4,5
12,2014,0,4,5
12,2015,0,4,5
12,2016,0,4,5
12,2017,0,4,5
12,2018,0,4,5
12,2019,0,4,5
12,2020,0,4,5
12,2021,0,4,5
12,2022,0,4,5
12,2023,0,4,5
12,2024,0,4,5
12,2025,0,4,5
12,2026,0,4,5
12,2027,0,4,5
12,2028,0,4,5
12,2029,0,4,5
12,2030,0,4,5
12,2031,0,4,5
12,2032,0,4,5
12,2033,0,4,5
12,2034,0,4,5
12,2035,0,4,5
12,2036,0,4,5
12,2037,0,4,5
12,2038,0,4,5
12,2039,0,4,5
12,2040,0,4,5
12,2041,0,4,5
12,2042,0,4,5
12,2043,0,4,5
12,2044,0,4,5
12,2045,0,4,5
12,2046,0,4,5
12,2047,0,4,5
12,2048,0,4,5
12,2049,0,4,5
12,2050,0,4,5
12,2011,0,4,6
12,2012,0,4,6
12,2013,0,4,6
12,2014,0,4,6
12,2015,0,4,6
12,2016,0,4,6
12,2017,0,4,6
12,2018,0,4,6
12,2019,0,4,6
12,2020,0,4,6
12,2021,0,4,6
12,2022,0,4,6
12,2023,0,4,6
12,2024,0,4,6
12,2025,0,4,6
12,2026,0,4,6
12,2027,0,4,6
12,2028,0,4,6
12,2029,0,4,6
12,2030,0,4,6
12,2031,0,4,6
12,2032,0,4,6
12,2033,0,4,6
12,2034,0,4,6
12,2035,0,4,6
12,2036,0,4,6
12,2037,0,4,6
12,2038,0,4,6
12,2039,0,4,6
12,2040,0,4,6
12,2041,0,4,6
12,2042,0,4,6
12,2043,0,4,6
12,2044,0,4,6
12,2045,0,4,6
12,2046,0,4,6
12,2047,0,4,6
12,2048,0,4,6
12,2049,0,4,6
12,2050,0,4,6
12,2011,0,4,7
12,2012,0,4,7
12,2013,0,4,7
12,2014,0,4,7
12,2015,0,4,7
12,2016,0,4,7
12,2017,0,4,7
12,2018,0,4,7
12,2019,0,4,7
12,2020,0,4,7
12,2021,0,4,7
12,2022,0,4,7
12,2023,0,4,7
12,2024,0,4,7
12,2025,0,4,7
12,2026,0,4,7
12,2027,0,4,7
12,2028,0,4,7
12,2029,0,4,7
12,2030,0,4,7
12,2031,0,4,7
12,2032,0,4,7
12,2033,0,4,7
12,2034,0,4,7
12,2035,0,4,7
12,2036,0,4,7
12,2037,0,4,7
12,2038,0,4,7
12,2039,0,4,7
12,2040,0,4,7
12,2041,0,4,7
12,2042,0,4,7
12,2043,0,4,7
12,2044,0,4,7
12,2045,0,4,7
12,2046,0,4,7
12,2047,0,4,7
12,2048,0,4,7
12,2049,0,4,7
12,2050,0,4,7
12,2011,0,4,8
12,2012,0,4,8
12,2013,0,4,8
12,2014,0,4,8
12,2015,0,4,8
12,2016,0,4,8
12,2017,0,4,8
12,2018,0,4,8
12,2019,0,4,8
12,2020,0,4,8
12,2021,0,4,8
12,2022,0,4,8
12,2023,0,4,8
12,2024,0,4,8
12,2025,0,4,8
12,2026,0,4,8
12,2027,0,4,8
12,2028,0,4,8
12,2029,0,4,8
12,2030,0,4,8
12,2031,0,4,8
12,2032,0,4,8
12,2033,0,4,8
12,2034,0,4,8
12,2035,0,4,8
12,2036,0,4,8
12,2037,0,4,8
12,2038,0,4,8
12,2039,0,4,8
12,2040,0,4,8
12,2041,0,4,8
12,2042,0,4,8
12,2043,0,4,8
12,2044,0,4,8
12,2045,0,4,8
12,2046,0,4,8
12,2047,0,4,8
12,2048,0,4,8
12,2049,0,4,8
12,2050,0,4,8
12,2011,1.280438,5,1
12,2012,1.309731,5,1
12,2013,1.337202,5,1
12,2014,1.370636,5,1
12,2015,1.406637,5,1
12,2016,1.444251,5,1
12,2017,1.482636,5,1
12,2018,1.519906,5,1
12,2019,1.555832,5,1
12,2020,1.591129,5,1
12,2021,1.626757,5,1
12,2022,1.662777,5,1
12,2023,1.699081,5,1
12,2024,1.735375,5,1
12,2025,1.771934,5,1
12,2026,1.807996,5,1
12,2027,1.844311,5,1
12,2028,1.880194,5,1
12,2029,1.916495,5,1
12,2030,1.952581,5,1
12,2031,1.988264,5,1
12,2032,2.023381,5,1
12,2033,2.05803,5,1
12,2034,2.09168,5,1
12,2035,2.124218,5,1
12,2036,2.157434,5,1
12,2037,2.190345,5,1
12,2038,2.22305,5,1
12,2039,2.255961,5,1
12,2040,2.288566,5,1
12,2041,2.321099,5,1
12,2042,2.353896,5,1
12,2043,2.386768,5,1
12,2044,2.4192,5,1
12,2045,2.450913,5,1
12,2046,2.482226,5,1
12,2047,2.512971,5,1
12,2048,2.543325,5,1
12,2049,2.573042,5,1
12,2050,2.602368,5,1
12,2011,0,5,2
12,2012,0,5,2
12,2013,0,5,2
12,2014,0,5,2
12,2015,0,5,2
12,2016,0,5,2
12,2017,0,5,2
12,2018,0,5,2
12,2019,0,5,2
12,2020,0,5,2
12,2021,0,5,2
12,2022,0,5,2
12,2023,0,5,2
12,2024,0,5,2
12,2025,0,5,2
12,2026,0,5,2
12,2027,0,5,2
12,2028,0,5,2
12,2029,0,5,2
12,2030,0,5,2
12,2031,0,5,2
12,2032,0,5,2
12,2033,0,5,2
12,2034,0,5,2
12,2035,0,5,2
12,2036,0,5,2
12,2037,0,5,2
12,2038,0,5,2
12,2039,0,5,2
12,2040,0,5,2
12,2041,0,5,2
12,2042,0,5,2
12,2043,0,5,2
12,2044,0,5,2
12,2045,0,5,2
12,2046,0,5,2
12,2047,0,5,2
12,2048,0,5,2
12,2049,0,5,2
12,2050,0,5,2
12,2011,0,5,3
12,2012,0,5,3
12,2013,0,5,3
12,2014,0,5,3
12,2015,0,5,3
12,2016,0,5,3
12,2017,0,5,3
12,2018,0,5,3
12,2019,0,5,3
12,2020,0,5,3
12,2021,0,5,3
12,2022,0,5,3
12,2023,0,5,3
12,2024,0,5,3
12,2025,0,5,3
12,2026,0,5,3
12,2027,0,5,3
12,2028,0,5,3
12,2029,0,5,3
12,2030,0,5,3
12,2031,0,5,3
12,2032,0,5,3
12,2033,0,5,3
12,2034,0,5,3
12,2035,0,5,3
12,2036,0,5,3
12,2037,0,5,3
12,2038,0,5,3
12,2039,0,5,3
12,2040,0,5,3
12,2041,0,5,3
12,2042,0,5,3
12,2043,0,5,3
12,2044,0,5,3
12,2045,0,5,3
12,2046,0,5,3
12,2047,0,5,3
12,2048,0,5,3
12,2049,0,5,3
12,2050,0,5,3
12,2011,0.0673915,5,4
12,2012,0.06893319,5,4
12,2013,0.07037908,5,4
12,2014,0.07213873,5,4
12,2015,0.07403353,5,4
12,2016,0.0760132,5,4
12,2017,0.07803347,5,4
12,2018,0.07999507,5,4
12,2019,0.08188593,5,4
12,2020,0.08374365,5,4
12,2021,0.08561879,5,4
12,2022,0.08751458,5,4
12,2023,0.08942533,5,4
12,2024,0.09133552,5,4
12,2025,0.09325967,5,4
12,2026,0.09515768,5,4
12,2027,0.09706899,5,4
12,2028,0.09895761,5,4
12,2029,0.1008682,5,4
12,2030,0.1027674,5,4
12,2031,0.1046455,5,4
12,2032,0.1064937,5,4
12,2033,0.1083174,5,4
12,2034,0.1100884,5,4
12,2035,0.111801,5,4
12,2036,0.1135491,5,4
12,2037,0.1152813,5,4
12,2038,0.1170026,5,4
12,2039,0.1187348,5,4
12,2040,0.1204508,5,4
12,2041,0.1221631,5,4
12,2042,0.1238893,5,4
12,2043,0.1256194,5,4
12,2044,0.1273263,5,4
12,2045,0.1289954,5,4
12,2046,0.1306435,5,4
12,2047,0.1322616,5,4
12,2048,0.1338592,5,4
12,2049,0.1354233,5,4
12,2050,0.1369667,5,4
12,2011,0,5,5
12,2012,0,5,5
12,2013,0,5,5
12,2014,0,5,5
12,2015,0,5,5
12,2016,0,5,5
12,2017,0,5,5
12,2018,0,5,5
12,2019,0,5,5
12,2020,0,5,5
12,2021,0,5,5
12,2022,0,5,5
12,2023,0,5,5
12,2024,0,5,5
12,2025,0,5,5
12,2026,0,5,5
12,2027,0,5,5
12,2028,0,5,5
12,2029,0,5,5
12,2030,0,5,5
12,2031,0,5,5
12,2032,0,5,5
12,2033,0,5,5
12,2034,0,5,5
12,2035,0,5,5
12,2036,0,5,5
12,2037,0,5,5
12,2038,0,5,5
12,2039,0,5,5
12,2040,0,5,5
12,2041,0,5,5
12,2042,0,5,5
12,2043,0,5,5
12,2044,0,5,5
12,2045,0,5,5
12,2046,0,5,5
12,2047,0,5,5
12,2048,0,5,5
12,2049,0,5,5
12,2050,0,5,5
12,2011,0,5,6
12,2012,0,5,6
12,2013,0,5,6
12,2014,0,5,6
12,2015,0,5,6
12,2016,0,5,6
12,2017,0,5,6
12,2018,0,5,6
12,2019,0,5,6
12,2020,0,5,6
12,2021,0,5,6
12,2022,0,5,6
12,2023,0,5,6
12,2024,0,5,6
12,2025,0,5,6
12,2026,0,5,6
12,2027,0,5,6
12,2028,0,5,6
12,2029,0,5,6
12,2030,0,5,6
12,2031,0,5,6
12,2032,0,5,6
12,2033,0,5,6
12,2034,0,5,6
12,2035,0,5,6
12,2036,0,5,6
12,2037,0,5,6
12,2038,0,5,6
12,2039,0,5,6
12,2040,0,5,6
12,2041,0,5,6
12,2042,0,5,6
12,2043,0,5,6
12,2044,0,5,6
12,2045,0,5,6
12,2046,0,5,6
12,2047,0,5,6
12,2048,0,5,6
12,2049,0,5,6
12,2050,0,5,6
12,2011,0,5,7
12,2012,0,5,7
12,2013,0,5,7
12,2014,0,5,7
12,2015,0,5,7
12,2016,0,5,7
12,2017,0,5,7
12,2018,0,5,7
12,2019,0,5,7
12,2020,0,5,7
12,2021,0,5,7
12,2022,0,5,7
12,2023,0,5,7
12,2024,0,5,7
12,2025,0,5,7
12,2026,0,5,7
12,2027,0,5,7
12,2028,0,5,7
12,2029,0,5,7
12,2030,0,5,7
12,2031,0,5,7
12,2032,0,5,7
12,2033,0,5,7
12,2034,0,5,7
12,2035,0,5,7
12,2036,0,5,7
12,2037,0,5,7
12,2038,0,5,7
12,2039,0,5,7
12,2040,0,5,7
12,2041,0,5,7
12,2042,0,5,7
12,2043,0,5,7
12,2044,0,5,7
12,2045,0,5,7
12,2046,0,5,7
12,2047,0,5,7
12,2048,0,5,7
12,2049,0,5,7
12,2050,0,5,7
12,2011,0,5,8
12,2012,0,5,8
12,2013,0,5,8
12,2014,0,5,8
12,2015,0,5,8
12,2016,0,5,8
12,2017,0,5,8
12,2018,0,5,8
12,2019,0,5,8
12,2020,0,5,8
12,2021,0,5,8
12,2022,0,5,8
12,2023,0,5,8
12,2024,0,5,8
12,2025,0,5,8
12,2026,0,5,8
12,2027,0,5,8
12,2028,0,5,8
12,2029,0,5,8
12,2030,0,5,8
12,2031,0,5,8
12,2032,0,5,8
12,2033,0,5,8
12,2034,0,5,8
12,2035,0,5,8
12,2036,0,5,8
12,2037,0,5,8
12,2038,0,5,8
12,2039,0,5,8
12,2040,0,5,8
12,2041,0,5,8
12,2042,0,5,8
12,2043,0,5,8
12,2044,0,5,8
12,2045,0,5,8
12,2046,0,5,8
12,2047,0,5,8
12,2048,0,5,8
12,2049,0,5,8
12,2050,0,5,8
12,2011,3.102251,6,1
12,2012,3.146029,6,1
12,2013,3.18609,6,1
12,2014,3.246824,6,1
12,2015,3.310319,6,1
12,2016,3.377388,6,1
12,2017,3.446996,6,1
12,2018,3.517451,6,1
12,2019,3.588658,6,1
12,2020,3.659611,6,1
12,2021,3.731913,6,1
12,2022,3.80486,6,1
12,2023,3.879814,6,1
12,2024,3.954332,6,1
12,2025,4.030588,6,1
12,2026,4.107545,6,1
12,2027,4.185158,6,1
12,2028,4.263844,6,1
12,2029,4.340778,6,1
12,2030,4.417935,6,1
12,2031,4.49551,6,1
12,2032,4.573692,6,1
12,2033,4.652168,6,1
12,2034,4.73102,6,1
12,2035,4.809348,6,1
12,2036,4.887952,6,1
12,2037,4.964808,6,1
12,2038,5.039818,6,1
12,2039,5.11308,6,1
12,2040,5.184556,6,1
12,2041,5.254283,6,1
12,2042,5.322323,6,1
12,2043,5.388715,6,1
12,2044,5.453483,6,1
12,2045,5.516655,6,1
12,2046,5.578273,6,1
12,2047,5.63836,6,1
12,2048,5.696935,6,1
12,2049,5.754041,6,1
12,2050,5.809698,6,1
12,2011,0,6,2
12,2012,0,6,2
12,2013,0,6,2
12,2014,0,6,2
12,2015,0,6,2
12,2016,0,6,2
12,2017,0,6,2
12,2018,0,6,2
12,2019,0,6,2
12,2020,0,6,2
12,2021,0,6,2
12,2022,0,6,2
12,2023,0,6,2
12,2024,0,6,2
12,2025,0,6,2
12,2026,0,6,2
12,2027,0,6,2
12,2028,0,6,2
12,2029,0,6,2
12,2030,0,6,2
12,2031,0,6,2
12,2032,0,6,2
12,2033,0,6,2
12,2034,0,6,2
12,2035,0,6,2
12,2036,0,6,2
12,2037,0,6,2
12,2038,0,6,2
12,2039,0,6,2
12,2040,0,6,2
12,2041,0,6,2
12,2042,0,6,2
12,2043,0,6,2
12,2044,0,6,2
12,2045,0,6,2
12,2046,0,6,2
12,2047,0,6,2
12,2048,0,6,2
12,2049,0,6,2
12,2050,0,6,2
12,2011,0,6,3
12,2012,0,6,3
12,2013,0,6,3
12,2014,0,6,3
12,2015,0,6,3
12,2016,0,6,3
12,2017,0,6,3
12,2018,0,6,3
12,2019,0,6,3
12,2020,0,6,3
12,2021,0,6,3
12,2022,0,6,3
12,2023,0,6,3
12,2024,0,6,3
12,2025,0,6,3
12,2026,0,6,3
12,2027,0,6,3
12,2028,0,6,3
12,2029,0,6,3
12,2030,0,6,3
12,2031,0,6,3
12,2032,0,6,3
12,2033,0,6,3
12,2034,0,6,3
12,2035,0,6,3
12,2036,0,6,3
12,2037,0,6,3
12,2038,0,6,3
12,2039,0,6,3
12,2040,0,6,3
12,2041,0,6,3
12,2042,0,6,3
12,2043,0,6,3
12,2044,0,6,3
12,2045,0,6,3
12,2046,0,6,3
12,2047,0,6,3
12,2048,0,6,3
12,2049,0,6,3
12,2050,0,6,3
12,2011,0.1632764,6,4
12,2012,0.1655805,6,4
12,2013,0.167689,6,4
12,2014,0.1708855,6,4
12,2015,0.1742273,6,4
12,2016,0.1777573,6,4
12,2017,0.1814209,6,4
12,2018,0.185129,6,4
12,2019,0.1888767,6,4
12,2020,0.1926111,6,4
12,2021,0.1964165,6,4
12,2022,0.2002558,6,4
12,2023,0.2042007,6,4
12,2024,0.2081228,6,4
12,2025,0.2121362,6,4
12,2026,0.2161866,6,4
12,2027,0.2202715,6,4
12,2028,0.2244128,6,4
12,2029,0.228462,6,4
12,2030,0.2325229,6,4
12,2031,0.2366058,6,4
12,2032,0.2407206,6,4
12,2033,0.244851,6,4
12,2034,0.249001,6,4
12,2035,0.2531235,6,4
12,2036,0.2572607,6,4
12,2037,0.2613057,6,4
12,2038,0.2652536,6,4
12,2039,0.2691095,6,4
12,2040,0.2728714,6,4
12,2041,0.2765412,6,4
12,2042,0.2801223,6,4
12,2043,0.2836166,6,4
12,2044,0.2870255,6,4
12,2045,0.2903503,6,4
12,2046,0.2935933,6,4
12,2047,0.2967558,6,4
12,2048,0.2998387,6,4
12,2049,0.3028443,6,4
12,2050,0.3057736,6,4
12,2011,0,6,5
12,2012,0,6,5
12,2013,0,6,5
12,2014,0,6,5
12,2015,0,6,5
12,2016,0,6,5
12,2017,0,6,5
12,2018,0,6,5
12,2019,0,6,5
12,2020,0,6,5
12,2021,0,6,5
12,2022,0,6,5
12,2023,0,6,5
12,2024,0,6,5
12,2025,0,6,5
12,2026,0,6,5
12,2027,0,6,5
12,2028,0,6,5
12,2029,0,6,5
12,2030,0,6,5
12,2031,0,6,5
12,2032,0,6,5
12,2033,0,6,5
12,2034,0,6,5
12,2035,0,6,5
12,2036,0,6,5
12,2037,0,6,5
12,2038,0,6,5
12,2039,0,6,5
12,2040,0,6,5
12,2041,0,6,5
12,2042,0,6,5
12,2043,0,6,5
12,2044,0,6,5
12,2045,0,6,5
12,2046,0,6,5
12,2047,0,6,5
12,2048,0,6,5
12,2049,0,6,5
12,2050,0,6,5
12,2011,0,6,6
12,2012,0,6,6
12,2013,0,6,6
12,2014,0,6,6
12,2015,0,6,6
12,2016,0,6,6
12,2017,0,6,6
12,2018,0,6,6
12,2019,0,6,6
12,2020,0,6,6
12,2021,0,6,6
12,2022,0,6,6
12,2023,0,6,6
12,2024,0,6,6
12,2025,0,6,6
12,2026,0,6,6
12,2027,0,6,6
12,2028,0,6,6
12,2029,0,6,6
12,2030,0,6,6
12,2031,0,6,6
12,2032,0,6,6
12,2033,0,6,6
12,2034,0,6,6
12,2035,0,6,6
12,2036,0,6,6
12,2037,0,6,6
12,2038,0,6,6
12,2039,0,6,6
12,2040,0,6,6
12,2041,0,6,6
12,2042,0,6,6
12,2043,0,6,6
12,2044,0,6,6
12,2045,0,6,6
12,2046,0,6,6
12,2047,0,6,6
12,2048,0,6,6
12,2049,0,6,6
12,2050,0,6,6
12,2011,0,6,7
12,2012,0,6,7
12,2013,0,6,7
12,2014,0,6,7
12,2015,0,6,7
12,2016,0,6,7
12,2017,0,6,7
12,2018,0,6,7
12,2019,0,6,7
12,2020,0,6,7
12,2021,0,6,7
12,2022,0,6,7
12,2023,0,6,7
12,2024,0,6,7
12,2025,0,6,7
12,2026,0,6,7
12,2027,0,6,7
12,2028,0,6,7
12,2029,0,6,7
12,2030,0,6,7
12,2031,0,6,7
12,2032,0,6,7
12,2033,0,6,7
12,2034,0,6,7
12,2035,0,6,7
12,2036,0,6,7
12,2037,0,6,7
12,2038,0,6,7
12,2039,0,6,7
12,2040,0,6,7
12,2041,0,6,7
12,2042,0,6,7
12,2043,0,6,7
12,2044,0,6,7
12,2045,0,6,7
12,2046,0,6,7
12,2047,0,6,7
12,2048,0,6,7
12,2049,0,6,7
12,2050,0,6,7
12,2011,4.399644,6,8
12,2012,4.443053,6,8
12,2013,4.48202,6,8
12,2014,4.551844,6,8
12,2015,4.625015,6,8
12,2016,4.702719,6,8
12,2017,4.783379,6,8
12,2018,4.864448,6,8
12,2019,4.945761,6,8
12,2020,5.025731,6,8
12,2021,5.10708,6,8
12,2022,5.1888,6,8
12,2023,5.273188,6,8
12,2024,5.356401,6,8
12,2025,5.442106,6,8
12,2026,5.528669,6,8
12,2027,5.616149,6,8
12,2028,5.705294,6,8
12,2029,5.79171,6,8
12,2030,5.878647,6,8
12,2031,5.966487,6,8
12,2032,6.055606,6,8
12,2033,6.145582,6,8
12,2034,6.236553,6,8
12,2035,6.327193,6,8
12,2036,6.418046,6,8
12,2037,6.506773,6,8
12,2038,6.593307,6,8
12,2039,6.677832,6,8
12,2040,6.760341,6,8
12,2041,6.840933,6,8
12,2042,6.919737,6,8
12,2043,6.996848,6,8
12,2044,7.072336,6,8
12,2045,7.146265,6,8
12,2046,7.218712,6,8
12,2047,7.289725,6,8
12,2048,7.359346,6,8
12,2049,7.427643,6,8
12,2050,7.494653,6,8
12,2011,173.886,7,1
12,2012,169.0851,7,1
12,2013,159.5372,7,1
12,2014,162.5926,7,1
12,2015,163.4318,7,1
12,2016,168.4972,7,1
12,2017,173.4324,7,1
12,2018,176.6344,7,1
12,2019,179.6694,7,1
12,2020,182.2415,7,1
12,2021,184.946,7,1
12,2022,185.8162,7,1
12,2023,189.8321,7,1
12,2024,194.0134,7,1
12,2025,198.9939,7,1
12,2026,203.8894,7,1
12,2027,208.9163,7,1
12,2028,213.6446,7,1
12,2029,217.985,7,1
12,2030,223.5943,7,1
12,2031,228.5331,7,1
12,2032,234.2173,7,1
12,2033,239.1618,7,1
12,2034,245.1901,7,1
12,2035,254.4224,7,1
12,2036,258.8962,7,1
12,2037,263.0032,7,1
12,2038,266.7734,7,1
12,2039,270.2433,7,1
12,2040,273.4407,7,1
12,2041,276.3949,7,1
12,2042,279.1352,7,1
12,2043,281.6861,7,1
12,2044,284.0694,7,1
12,2045,286.3034,7,1
12,2046,288.4035,7,1
12,2047,290.3834,7,1
12,2048,292.2582,7,1
12,2049,294.0388,7,1
12,2050,295.7319,7,1
12,2011,26.17552,7,2
12,2012,26.02882,7,2
12,2013,25.2125,7,2
12,2014,25.8143,7,2
12,2015,26.20275,7,2
12,2016,27.03187,7,2
12,2017,27.91917,7,2
12,2018,28.28545,7,2
12,2019,28.5934,7,2
12,2020,28.90312,7,2
12,2021,29.19354,7,2
12,2022,29.48562,7,2
12,2023,30.00126,7,2
12,2024,30.55761,7,2
12,2025,31.21553,7,2
12,2026,31.87452,7,2
12,2027,32.46341,7,2
12,2028,32.92655,7,2
12,2029,33.39561,7,2
12,2030,34.01473,7,2
12,2031,34.57567,7,2
12,2032,35.24186,7,2
12,2033,35.97773,7,2
12,2034,36.78999,7,2
12,2035,38.01137,7,2
12,2036,38.60628,7,2
12,2037,39.16824,7,2
12,2038,39.69876,7,2
12,2039,40.20045,7,2
12,2040,40.67478,7,2
12,2041,41.12375,7,2
12,2042,41.54959,7,2
12,2043,41.95414,7,2
12,2044,42.33907,7,2
12,2045,42.70579,7,2
12,2046,43.05548,7,2
12,2047,43.38926,7,2
12,2048,43.70819,7,2
12,2049,44.01339,7,2
12,2050,44.30567,7,2
12,2011,134.5565,7,3
12,2012,130.214,7,3
12,2013,118.5405,7,3
12,2014,124.8543,7,3
12,2015,126.8575,7,3
12,2016,134.9611,7,3
12,2017,143.6174,7,3
12,2018,148.722,7,3
12,2019,152.5355,7,3
12,2020,156.4348,7,3
12,2021,160.3882,7,3
12,2022,164.4222,7,3
12,2023,168.5654,7,3
12,2024,172.7884,7,3
12,2025,178.7442,7,3
12,2026,184.8798,7,3
12,2027,189.428,7,3
12,2028,194.0588,7,3
12,2029,198.7388,7,3
12,2030,205.4415,7,3
12,2031,212.3054,7,3
12,2032,221.4069,7,3
12,2033,228.7464,7,3
12,2034,236.337,7,3
12,2035,250.9647,7,3
12,2036,256.5278,7,3
12,2037,261.7575,7,3
12,2038,266.6691,7,3
12,2039,271.2854,7,3
12,2040,275.6224,7,3
12,2041,279.6996,7,3
12,2042,283.5381,7,3
12,2043,287.1566,7,3
12,2044,290.5723,7,3
12,2045,293.8006,7,3
12,2046,296.8548,7,3
12,2047,299.7479,7,3
12,2048,302.4916,7,3
12,2049,305.098,7,3
12,2050,307.5768,7,3
12,2011,9.151892,7,4
12,2012,8.899218,7,4
12,2013,8.396697,7,4
12,2014,8.557503,7,4
12,2015,8.601674,7,4
12,2016,8.868272,7,4
12,2017,9.12802,7,4
12,2018,9.296546,7,4
12,2019,9.456283,7,4
12,2020,9.591656,7,4
12,2021,9.733999,7,4
12,2022,9.779801,7,4
12,2023,9.991167,7,4
12,2024,10.21123,7,4
12,2025,10.47337,7,4
12,2026,10.73102,7,4
12,2027,10.9956,7,4
12,2028,11.24446,7,4
12,2029,11.47289,7,4
12,2030,11.76812,7,4
12,2031,12.02806,7,4
12,2032,12.32723,7,4
12,2033,12.58746,7,4
12,2034,12.90474,7,4
12,2035,13.39065,7,4
12,2036,13.62612,7,4
12,2037,13.84228,7,4
12,2038,14.0407,7,4
12,2039,14.22333,7,4
12,2040,14.39161,7,4
12,2041,14.5471,7,4
12,2042,14.69133,7,4
12,2043,14.82558,7,4
12,2044,14.95102,7,4
12,2045,15.0686,7,4
12,2046,15.17913,7,4
12,2047,15.28334,7,4
12,2048,15.38201,7,4
12,2049,15.47573,7,4
12,2050,15.56483,7,4
12,2011,0.9845182,7,5
12,2012,0.956641,7,5
12,2013,0.8764197,7,5
12,2014,0.9223913,7,5
12,2015,0.9387534,7,5
12,2016,0.9971148,7,5
12,2017,1.058986,7,5
12,2018,1.094174,7,5
12,2019,1.120655,7,5
12,2020,1.14746,7,5
12,2021,1.17491,7,5
12,2022,1.20247,7,5
12,2023,1.232011,7,5
12,2024,1.262044,7,5
12,2025,1.304136,7,5
12,2026,1.347466,7,5
12,2027,1.379826,7,5
12,2028,1.411632,7,5
12,2029,1.444068,7,5
12,2030,1.490278,7,5
12,2031,1.537841,7,5
12,2032,1.600979,7,5
12,2033,1.652917,7,5
12,2034,1.70637,7,5
12,2035,1.809094,7,5
12,2036,1.847898,7,5
12,2037,1.884434,7,5
12,2038,1.918801,7,5
12,2039,1.951153,7,5
12,2040,1.981594,7,5
12,2041,2.010255,7,5
12,2042,2.037278,7,5
12,2043,2.062791,7,5
12,2044,2.086907,7,5
12,2045,2.109731,7,5
12,2046,2.131352,7,5
12,2047,2.151857,7,5
12,2048,2.171324,7,5
12,2049,2.189837,7,5
12,2050,2.207462,7,5
12,2011,0,7,6
12,2012,0,7,6
12,2013,0,7,6
12,2014,0,7,6
12,2015,0,7,6
12,2016,0,7,6
12,2017,0,7,6
12,2018,0,7,6
12,2019,0,7,6
12,2020,0,7,6
12,2021,0,7,6
12,2022,0,7,6
12,2023,0,7,6
12,2024,0,7,6
12,2025,0,7,6
12,2026,0,7,6
12,2027,0,7,6
12,2028,0,7,6
12,2029,0,7,6
12,2030,0,7,6
12,2031,0,7,6
12,2032,0,7,6
12,2033,0,7,6
12,2034,0,7,6
12,2035,0,7,6
12,2036,0,7,6
12,2037,0,7,6
12,2038,0,7,6
12,2039,0,7,6
12,2040,0,7,6
12,2041,0,7,6
12,2042,0,7,6
12,2043,0,7,6
12,2044,0,7,6
12,2045,0,7,6
12,2046,0,7,6
12,2047,0,7,6
12,2048,0,7,6
12,2049,0,7,6
12,2050,0,7,6
12,2011,0,7,7
12,2012,0,7,7
12,2013,0,7,7
12,2014,0,7,7
12,2015,0,7,7
12,2016,0,7,7
12,2017,0,7,7
12,2018,0,7,7
12,2019,0,7,7
12,2020,0,7,7
12,2021,0,7,7
12,2022,0,7,7
12,2023,0,7,7
12,2024,0,7,7
12,2025,0,7,7
12,2026,0,7,7
12,2027,0,7,7
12,2028,0,7,7
12,2029,0,7,7
12,2030,0,7,7
12,2031,0,7,7
12,2032,0,7,7
12,2033,0,7,7
12,2034,0,7,7
12,2035,0,7,7
12,2036,0,7,7
12,2037,0,7,7
12,2038,0,7,7
12,2039,0,7,7
12,2040,0,7,7
12,2041,0,7,7
12,2042,0,7,7
12,2043,0,7,7
12,2044,0,7,7
12,2045,0,7,7
12,2046,0,7,7
12,2047,0,7,7
12,2048,0,7,7
12,2049,0,7,7
12,2050,0,7,7
12,2011,106.373,7,8
12,2012,106.529,7,8
12,2013,101.1543,7,8
12,2014,106.0974,7,8
12,2015,108.7397,7,8
12,2016,113.2737,7,8
12,2017,115.6061,7,8
12,2018,118.2367,7,8
12,2019,121.3043,7,8
12,2020,122.2735,7,8
12,2021,124.7424,7,8
12,2022,122.0645,7,8
12,2023,124.8756,7,8
12,2024,126.7709,7,8
12,2025,128.6871,7,8
12,2026,130.7306,7,8
12,2027,133.4647,7,8
12,2028,136.0649,7,8
12,2029,139.5535,7,8
12,2030,142.2246,7,8
12,2031,144.9217,7,8
12,2032,147.4208,7,8
12,2033,148.9955,7,8
12,2034,150.6901,7,8
12,2035,156.4019,7,8
12,2036,158.012,7,8
12,2037,159.5093,7,8
12,2038,160.9019,7,8
12,2039,162.2021,7,8
12,2040,163.4172,7,8
12,2041,164.5562,7,8
12,2042,165.6285,7,8
12,2043,166.6416,7,8
12,2044,167.6021,7,8
12,2045,168.5151,7,8
12,2046,169.3847,7,8
12,2047,170.2148,7,8
12,2048,171.0088,7,8
12,2049,171.7701,7,8
12,2050,172.5011,7,8
12,2011,0.4203208,8,1
12,2012,0.3780315,8,1
12,2013,0.3316435,8,1
12,2014,0.2860475,8,1
12,2015,0.2449649,8,1
12,2016,0.2105342,8,1
12,2017,0.1831697,8,1
12,2018,0.1618448,8,1
12,2019,0.1453284,8,1
12,2020,0.1330444,8,1
12,2021,0.1248789,8,1
12,2022,0.1202808,8,1
12,2023,0.1180226,8,1
12,2024,0.1167235,8,1
12,2025,0.1155114,8,1
12,2026,0.1140407,8,1
12,2027,0.1124511,8,1
12,2028,0.1109116,8,1
12,2029,0.1096504,8,1
12,2030,0.108727,8,1
12,2031,0.1081123,8,1
12,2032,0.1077025,8,1
12,2033,0.1074043,8,1
12,2034,0.1071143,8,1
12,2035,0.1068063,8,1
12,2036,0.1065705,8,1
12,2037,0.106389,8,1
12,2038,0.1062692,8,1
12,2039,0.1062345,8,1
12,2040,0.1062433,8,1
12,2041,0.1062925,8,1
12,2042,0.106382,8,1
12,2043,0.1064974,8,1
12,2044,0.1066188,8,1
12,2045,0.106737,8,1
12,2046,0.1068677,8,1
12,2047,0.1070082,8,1
12,2048,0.1071591,8,1
12,2049,0.1073108,8,1
12,2050,0.1074626,8,1
12,2011,534.5261,8,2
12,2012,538.2387,8,2
12,2013,537.3885,8,2
12,2014,537.0221,8,2
12,2015,536.4867,8,2
12,2016,536.0043,8,2
12,2017,534.8924,8,2
12,2018,534.5173,8,2
12,2019,533.1194,8,2
12,2020,531.2311,8,2
12,2021,528.2341,8,2
12,2022,524.0671,8,2
12,2023,518.9267,8,2
12,2024,512.1783,8,2
12,2025,504.4786,8,2
12,2026,496.3601,8,2
12,2027,487.9955,8,2
12,2028,478.9029,8,2
12,2029,469.4057,8,2
12,2030,459.5207,8,2
12,2031,449.3547,8,2
12,2032,438.8761,8,2
12,2033,428.3727,8,2
12,2034,417.7858,8,2
12,2035,407.4133,8,2
12,2036,397.2977,8,2
12,2037,387.575,8,2
12,2038,378.3661,8,2
12,2039,369.8174,8,2
12,2040,361.8338,8,2
12,2041,354.5184,8,2
12,2042,347.9814,8,2
12,2043,342.2532,8,2
12,2044,337.3248,8,2
12,2045,333.1709,8,2
12,2046,329.7874,8,2
12,2047,327.1267,8,2
12,2048,325.1549,8,2
12,2049,323.8077,8,2
12,2050,323.0204,8,2
12,2011,0,8,3
12,2012,0,8,3
12,2013,0,8,3
12,2014,0,8,3
12,2015,0,8,3
12,2016,0,8,3
12,2017,0,8,3
12,2018,0,8,3
12,2019,0,8,3
12,2020,0,8,3
12,2021,0,8,3
12,2022,0,8,3
12,2023,0,8,3
12,2024,0,8,3
12,2025,0,8,3
12,2026,0,8,3
12,2027,0,8,3
12,2028,0,8,3
12,2029,0,8,3
12,2030,0,8,3
12,2031,0,8,3
12,2032,0,8,3
12,2033,0,8,3
12,2034,0,8,3
12,2035,0,8,3
12,2036,0,8,3
12,2037,0,8,3
12,2038,0,8,3
12,2039,0,8,3
12,2040,0,8,3
12,2041,0,8,3
12,2042,0,8,3
12,2043,0,8,3
12,2044,0,8,3
12,2045,0,8,3
12,2046,0,8,3
12,2047,0,8,3
12,2048,0,8,3
12,2049,0,8,3
12,2050,0,8,3
12,2011,0,8,4
12,2012,0,8,4
12,2013,0,8,4
12,2014,0,8,4
12,2015,0,8,4
12,2016,0,8,4
12,2017,0,8,4
12,2018,0,8,4
12,2019,0,8,4
12,2020,0,8,4
12,2021,0,8,4
12,2022,0,8,4
12,2023,0,8,4
12,2024,0,8,4
12,2025,0,8,4
12,2026,0,8,4
12,2027,0,8,4
12,2028,0,8,4
12,2029,0,8,4
12,2030,0,8,4
12,2031,0,8,4
12,2032,0,8,4
12,2033,0,8,4
12,2034,0,8,4
12,2035,0,8,4
12,2036,0,8,4
12,2037,0,8,4
12,2038,0,8,4
12,2039,0,8,4
12,2040,0,8,4
12,2041,0,8,4
12,2042,0,8,4
12,2043,0,8,4
12,2044,0,8,4
12,2045,0,8,4
12,2046,0,8,4
12,2047,0,8,4
12,2048,0,8,4
12,2049,0,8,4
12,2050,0,8,4
12,2011,0,8,5
12,2012,0,8,5
12,2013,0,8,5
12,2014,0,8,5
12,2015,0,8,5
12,2016,0,8,5
12,2017,0,8,5
12,2018,0,8,5
12,2019,0,8,5
12,2020,0,8,5
12,2021,0,8,5
12,2022,0,8,5
12,2023,0,8,5
12,2024,0,8,5
12,2025,0,8,5
12,2026,0,8,5
12,2027,0,8,5
12,2028,0,8,5
12,2029,0,8,5
12,2030,0,8,5
12,2031,0,8,5
12,2032,0,8,5
12,2033,0,8,5
12,2034,0,8,5
12,2035,0,8,5
12,2036,0,8,5
12,2037,0,8,5
12,2038,0,8,5
12,2039,0,8,5
12,2040,0,8,5
12,2041,0,8,5
12,2042,0,8,5
12,2043,0,8,5
12,2044,0,8,5
12,2045,0,8,5
12,2046,0,8,5
12,2047,0,8,5
12,2048,0,8,5
12,2049,0,8,5
12,2050,0,8,5
12,2011,0,8,6
12,2012,0,8,6
12,2013,0,8,6
12,2014,0,8,6
12,2015,0,8,6
12,2016,0,8,6
12,2017,0,8,6
12,2018,0,8,6
12,2019,0,8,6
12,2020,0,8,6
12,2021,0,8,6
12,2022,0,8,6
12,2023,0,8,6
12,2024,0,8,6
12,2025,0,8,6
12,2026,0,8,6
12,2027,0,8,6
12,2028,0,8,6
12,2029,0,8,6
12,2030,0,8,6
12,2031,0,8,6
12,2032,0,8,6
12,2033,0,8,6
12,2034,0,8,6
12,2035,0,8,6
12,2036,0,8,6
12,2037,0,8,6
12,2038,0,8,6
12,2039,0,8,6
12,2040,0,8,6
12,2041,0,8,6
12,2042,0,8,6
12,2043,0,8,6
12,2044,0,8,6
12,2045,0,8,6
12,2046,0,8,6
12,2047,0,8,6
12,2048,0,8,6
12,2049,0,8,6
12,2050,0,8,6
12,2011,0,8,7
12,2012,0,8,7
12,2013,0,8,7
12,2014,0,8,7
12,2015,0,8,7
12,2016,0,8,7
12,2017,0,8,7
12,2018,0,8,7
12,2019,0,8,7
12,2020,0,8,7
12,2021,0,8,7
12,2022,0,8,7
12,2023,0,8,7
12,2024,0,8,7
12,2025,0,8,7
12,2026,0,8,7
12,2027,0,8,7
12,2028,0,8,7
12,2029,0,8,7
12,2030,0,8,7
12,2031,0,8,7
12,2032,0,8,7
12,2033,0,8,7
12,2034,0,8,7
12,2035,0,8,7
12,2036,0,8,7
12,2037,0,8,7
12,2038,0,8,7
12,2039,0,8,7
12,2040,0,8,7
12,2041,0,8,7
12,2042,0,8,7
12,2043,0,8,7
12,2044,0,8,7
12,2045,0,8,7
12,2046,0,8,7
12,2047,0,8,7
12,2048,0,8,7
12,2049,0,8,7
12,2050,0,8,7
12,2011,22.03371,8,8
12,2012,18.26071,8,8
12,2013,18.01854,8,8
12,2014,17.79998,8,8
12,2015,17.58159,8,8
12,2016,17.36541,8,8
12,2017,17.12226,8,8
12,2018,16.91831,8,8
12,2019,16.69404,8,8
12,2020,16.47703,8,8
12,2021,16.24296,8,8
12,2022,15.98699,8,8
12,2023,15.70404,8,8
12,2024,15.36717,8,8
12,2025,14.99162,8,8
12,2026,14.5968,8,8
12,2027,14.19078,8,8
12,2028,13.75837,8,8
12,2029,13.31011,8,8
12,2030,12.84677,8,8
12,2031,12.37146,8,8
12,2032,11.88264,8,8
12,2033,11.38968,8,8
12,2034,10.89214,8,8
12,2035,10.40184,8,8
12,2036,9.921753,8,8
12,2037,9.458018,8,8
12,2038,9.017975,8,8
12,2039,8.60718,8,8
12,2040,8.220506,8,8
12,2041,7.862136,8,8
12,2042,7.535846,8,8
12,2043,7.243085,8,8
12,2044,6.984626,8,8
12,2045,6.759969,8,8
12,2046,6.568598,8,8
12,2047,6.409012,8,8
12,2048,6.279505,8,8
12,2049,6.177745,8,8
12,2050,6.100703,8,8
